black_pixel_ratio,horizontal_transitions,vertical_transitions,symmetry_std,avg_run_length,run_length_std,num_black_regions,edge_density,glcm_contrast,glcm_homogeneity,glcm_energy,glcm_correlation,filename,label,payload_type,qr_version,error_correction,error_correction_level
0.28139381985535833,12.256410256410257,11.794871794871796,0.00483134071554867,14.022271714922049,10.281102226452132,8,0.06845825115055884,2562.6143952510515,0.9605909267792722,0.7462782473837253,0.9027431127775959,legitimate_url_0.png,legitimate,url,3,Q,2
0.39302112029384756,14.484848484848484,13.93939393939394,0.006747905627501872,10.516703786191536,7.710826669839099,8,0.12213039485766758,4781.102907245039,0.9264739810653425,0.6737375668753985,0.8461636024912613,legitimate_url_1.png,legitimate,url,3,Q,2
0.380499405469679,11.172413793103448,10.827586206896552,0.013609421096622576,19.36454849498328,14.513200566464683,8,0.0706064209274673,2513.793103448276,0.9613417232576464,0.7005501744459252,0.9181069050376376,legitimate_url_2.png,legitimate,url,2,M,1
0.27087442472057854,11.487179487179487,10.974358974358974,0.01458321697095257,25.9618138424821,18.455350817534757,10,0.03862925840947819,1370.5575158786169,0.9789229305834801,0.764139318461256,0.9467013047585794,legitimate_url_3.png,legitimate,url,3,H,3
0.27918367346938777,9.314285714285715,9.714285714285714,0.013901539890552168,15.388704318936878,13.003388466482386,7,0.0622704081632653,2170.8294930875577,0.9666159767925513,0.7512441990785689,0.9172343337002344,legitimate_url_4.png,legitimate,url,2,L,0
0.29745808545159547,12.976744186046512,13.255813953488373,0.011662443836045347,23.36,17.055258091610007,10,0.04715011117120366,1638.4714382479115,0.9748028259734889,0.7463354028588401,0.9397793795140209,legitimate_url_5.png,legitimate,url,4,H,3
0.2595918367346939,9.314285714285715,9.314285714285715,0.012777531299998805,23.242524916943523,16.911268892419184,10,0.04173469387755102,1445.4926696215477,0.9777705430193837,0.7702347189875479,0.9422606890895856,legitimate_url_6.png,legitimate,url,2,L,0
0.38934802571166205,13.878787878787879,13.515151515151516,0.011687715391513184,10.993006993006993,8.12102210617002,9,0.11825323946536068,4581.056760498385,0.9295503835312278,0.6768555002646937,0.8521121513820743,legitimate_url_7.png,legitimate,url,3,Q,2
0.3793103448275862,11.448275862068966,11.241379310344827,0.010433964788813458,26.221498371335503,19.67032339618705,11,0.05288893202941105,1838.0842911877396,0.971733086900813,0.7079641929918565,0.9400249427725729,legitimate_url_8.png,legitimate,url,2,L,0
0.35346938775510206,12.742857142857142,13.085714285714285,0.018380947345628892,15.32853717026379,10.969763370815615,5,0.08255102040816327,2969.9078341013824,0.9543273792928769,0.706127334558126,0.9002323488371838,legitimate_url_9.png,legitimate,url,3,Q,2
0.2710204081632653,9.028571428571428,9.314285714285715,0.011773228654576294,23.422680412371133,18.3886086721607,7,0.040975056689342405,1401.1524036822366,0.9784524282028384,0.7636675403503418,0.9455487430482156,legitimate_url_10.png,legitimate,url,2,L,0
0.31994156318480643,11.783783783783784,11.18918918918919,0.005610771181788603,26.727272727272727,20.012325886869778,6,0.041897109464677035,1482.0900203878928,0.9772077319781642,0.7362907176865823,0.9476756917309583,legitimate_url_11.png,legitimate,url,3,H,3
0.2677551020408163,9.542857142857143,9.371428571428572,0.00553659590459204,11.37864077669903,8.210952317383,9,0.07868480725623583,2969.015721120984,0.9543410986202291,0.7504090383137517,0.883909809618949,legitimate_url_12.png,legitimate,url,2,M,1
0.30486685032139577,10.181818181818182,10.121212121212121,0.01124650937916978,26.514469453376204,20.04413818357823,7,0.041416015441989466,1436.166436600276,0.977913966158148,0.7443386475874793,0.947953859926217,legitimate_url_13.png,legitimate,url,2,L,0
0.33298647242455776,10.451612903225806,10.129032258064516,0.011910013675608329,19.36454849498328,14.513200566464683,8,0.061789802289282,2199.40494832446,0.9661765301829353,0.722765189463862,0.9239791699325913,legitimate_url_14.png,legitimate,url,2,M,1
0.35428571428571426,12.4,12.457142857142857,0.01700625849469359,27.101234567901233,20.827382817316533,6,0.04767180341524365,1648.8957055214723,0.9746425167545063,0.7192560171885142,0.9446281366065765,legitimate_url_15.png,legitimate,url,3,Q,2
0.36081632653061224,12.457142857142857,12.228571428571428,0.012025240704209185,26.58968058968059,19.63865695068591,9,0.04740524781341108,1656.4943032427695,0.9745256619930063,0.716595224283775,0.9448199424647401,legitimate_url_16.png,legitimate,url,3,H,3
0.33298647242455776,10.96774193548387,10.516129032258064,0.010913723706245064,18.603174603174605,13.82261740144234,7,0.06385015608740895,2308.017538365174,0.9645062353771541,0.7216889789831558,0.9202250548675341,legitimate_url_17.png,legitimate,url,2,L,0
0.2837465564738292,9.757575757575758,9.818181818181818,0.022304789350764236,15.73063973063973,12.137602087695475,14,0.0673783287419651,2412.495679225717,0.9628995220492462,0.7462409940602683,0.908932093580533,legitimate_url_18.png,legitimate,url,2,M,1
0.3413111342351717,10.64516129032258,10.838709677419354,0.008389446148073413,11.488524590163934,8.483776192174304,8,0.10076309399930627,3741.630340017437,0.9424594725184167,0.70354079145174,0.8723571030839058,legitimate_url_19.png,legitimate,url,2,L,0
0.3011937557392103,10.0,10.181818181818182,0.007403358813864587,22.977049180327867,16.967552384348608,8,0.04771196816651362,1646.2025316455697,0.9746839336319999,0.7441552955993511,0.9399454074288518,legitimate_url_20.png,legitimate,url,2,L,0
0.40312213039485767,13.333333333333334,12.727272727272727,0.016782063252981694,18.880778588807786,14.539580859132412,8,0.07278236914600551,2635.2583586626142,0.9594737742032016,0.6923975782922152,0.9158672397766406,legitimate_url_21.png,legitimate,url,3,H,3
0.3011937557392103,10.121212121212121,9.93939393939394,0.006228034878902908,11.37864077669903,8.210952317383,9,0.08851137639016426,3340.770650669128,0.9486240788197163,0.7273922975107192,0.8783013322356917,legitimate_url_22.png,legitimate,url,2,M,1
0.3392299687825182,10.774193548387096,10.64516129032258,0.009649967216957022,26.640776699029125,19.591055866055317,9,0.046666949818428935,1617.995232064367,0.9751177185731189,0.7258979962524978,0.9445584039918803,legitimate_url_23.png,legitimate,url,2,L,0
0.3485714285714286,12.742857142857142,12.342857142857143,0.0223560227553129,11.424460431654676,8.697124652829325,8,0.10403628117913832,3964.613807245386,0.939030329295276,0.6982860306053598,0.8660408899067488,legitimate_url_24.png,legitimate,url,3,H,3
0.2669296515450362,11.384615384615385,10.76923076923077,0.017666047130235896,14.862650602409639,11.666776129825388,16,0.06363001314924392,2380.3363838733617,0.9633940826150561,0.7566891236729212,0.9066530613037296,legitimate_url_25.png,legitimate,url,3,H,3
0.27591836734693875,9.028571428571428,9.028571428571428,0.004471204551062588,11.75257731958763,9.381964412852017,5,0.0761904761904762,2809.0088858509907,0.9568017579760251,0.7469354493820767,0.8922061071236843,legitimate_url_26.png,legitimate,url,2,M,1
0.3350676378772112,10.774193548387096,10.0,0.009365244536940686,26.50485436893204,19.694202875987113,12,0.045552039754507424,1617.995232064367,0.975117718573119,0.7277585666729576,0.9442222737567314,legitimate_url_27.png,legitimate,url,2,L,0
0.3126369612856099,12.91891891891892,12.432432432432432,0.005367764228158891,10.516703786191536,7.710826669839099,8,0.09715120525931337,3801.1434511434513,0.9415442522814959,0.7170175323514802,0.8643213732491561,legitimate_url_28.png,legitimate,url,3,Q,2
0.3140495867768595,9.878787878787879,10.303030303030303,0.01563763669965692,19.235880398671096,16.254235583102982,7,0.05706152433425161,1952.4868748273004,0.9699737508869175,0.7343853384818497,0.9304217414586622,legitimate_url_29.png,legitimate,url,2,L,0
0.36741973840665876,11.10344827586207,11.172413793103448,0.028882182643260684,27.52861952861953,21.240803653467083,14,0.05200320318377054,1782.72030651341,0.9725844999459692,0.7127491119104806,0.941082133645311,legitimate_url_30.png,legitimate,url,2,M,1
0.39944903581267216,13.575757575757576,13.878787878787879,0.0185027012668594,22.711217183770884,16.16325256139161,10,0.06436843179267422,2234.8446490218644,0.9656315220216242,0.6975876476552857,0.9284252947102904,legitimate_url_31.png,legitimate,url,3,Q,2
0.3119065010956903,12.054054054054054,11.675675675675675,0.020004476168924982,11.424460431654676,8.697124652829325,8,0.09309309309309309,3546.6735966735973,0.9454576077772954,0.719813995919684,0.873243577097423,legitimate_url_32.png,legitimate,url,3,H,3
0.30670339761248855,10.242424242424242,9.818181818181818,0.0018365472910927547,18.75399361022364,14.075794089810534,9,0.05654729109274564,2024.3575573362807,0.9688684901833684,0.737458687859333,0.9269188243175747,legitimate_url_33.png,legitimate,url,2,M,1
0.29660238751147844,9.757575757575758,9.454545454545455,0.012078004075267117,27.245791245791246,22.558793908874833,8,0.03943891606229268,1376.3261684085978,0.9788342175682252,0.749333334620181,0.949336889076284,legitimate_url_34.png,legitimate,url,2,M,1
0.2595918367346939,9.314285714285715,9.314285714285715,0.012777531299998805,11.621262458471762,8.455634446209592,10,0.0782312925170068,2897.901572112098,0.9554347250005828,0.7561884741475451,0.8844241237095016,legitimate_url_35.png,legitimate,url,2,L,0
0.4163623082542001,15.45945945945946,15.405405405405405,0.010484076036820531,22.619666048237477,17.102822925530656,13,0.06448340232124015,2269.1904093709963,0.9651033369825763,0.6928192220066643,0.9282426260744872,legitimate_url_36.png,legitimate,url,4,H,3
0.3947681331747919,10.482758620689655,11.172413793103448,0.02454193512550569,28.50179211469534,22.515765014932978,6,0.05051081074522556,1683.065134099617,0.9741170434272504,0.7046457918900818,0.9458802621262239,legitimate_url_37.png,legitimate,url,2,M,1
0.30533235938641345,11.405405405405405,11.945945945945946,0.018319848362285524,11.786259541984732,9.016530733435621,12,0.09102345588832075,3355.8212058212057,0.948392624399145,0.7251029066352943,0.878649250252429,legitimate_url_38.png,legitimate,url,3,H,3
0.36081632653061224,12.457142857142857,12.228571428571428,0.012025240704209185,26.58968058968059,19.63865695068591,9,0.04740524781341108,1656.4943032427695,0.9745256619930063,0.716595224283775,0.9448199424647401,legitimate_url_39.png,legitimate,url,3,H,3
0.28994082840236685,11.538461538461538,11.282051282051283,0.006202485951385006,11.216152019002376,8.007320013064113,8,0.08477609759661042,3220.122152525586,0.9504794674049521,0.734941016520718,0.8800335224914371,phishing_url_0.png,phishing,url,3,Q,2
0.34938775510204084,13.028571428571428,12.342857142857143,0.02162880212161921,22.201405152224826,15.54344814469918,10,0.05607709750566894,2021.9161268325947,0.9689060356344756,0.7174535179222178,0.9316805168286089,phishing_url_1.png,phishing,url,3,M,1
0.2956841138659321,9.878787878787879,9.818181818181818,0.01150593579994642,26.74418604651163,20.927441674393794,9,0.04046026123948202,1393.4233878919345,0.9785712885939173,0.7496644300759899,0.9486155289035176,phishing_url_2.png,phishing,url,2,L,0
0.3348148148148148,15.955555555555556,15.377777777777778,0.009291302578877435,11.33920704845815,8.253922057251025,11,0.09906721536351167,3856.914498141264,0.9406865792430527,0.7056605739714888,0.8670818372108644,phishing_url_3.png,phishing,url,5,H,3
0.3355102040816327,12.4,12.571428571428571,0.0183628112313502,11.525925925925925,8.871786015545243,13,0.10294784580498866,3857.9425837320573,0.9406707688658067,0.7051614230846774,0.8672517489663925,phishing_url_4.png,phishing,url,3,Q,2
0.298539751216874,13.395348837209303,13.30232558139535,0.013114500435891982,26.63351749539595,18.241174862690205,10,0.04153375790554188,1449.3054211972294,0.97771190875654,0.7476503228999811,0.9468344925364689,phishing_url_5.png,phishing,url,4,Q,2
0.39761248852157943,13.696969696969697,13.636363636363637,0.011208958324824323,18.817966903073287,13.872859317882199,9,0.07586776859504132,2707.1290411715945,0.9583685134996526,0.6932355099803009,0.9131806024433592,phishing_url_6.png,phishing,url,3,L,0
0.3126369612856099,12.108108108108109,12.054054054054054,0.004619835880450505,15.045346062052506,10.646202099918892,8,0.072909057706355,2668.9143380668806,0.9589561969355814,0.7280508327257549,0.904676889525998,phishing_url_7.png,phishing,url,3,M,1
0.3973703433162893,15.837837837837839,15.297297297297296,0.011077977273997872,14.842676311030742,11.046778133151472,8,0.09381848064280497,3491.0352725606963,0.9463132397416312,0.6853547378836315,0.888030414769519,phishing_url_8.png,phishing,url,4,Q,2
0.2975206611570248,10.121212121212121,10.181818181818182,0.016554413569623463,26.73139158576052,20.26544762197846,6,0.041481606416671354,1427.6178268586077,0.9780454306453017,0.7483321481769989,0.9475423238301387,phishing_url_9.png,phishing,url,2,L,0
0.3123585332729742,14.76595744680851,15.148936170212766,0.010461041202617781,27.06240487062405,19.57969475185468,10,0.04265019724503654,1461.4252404546778,0.9775255245524146,0.7403327265147361,0.9477254066509594,phishing_url_10.png,phishing,url,5,H,3
0.32286340394448504,11.243243243243244,12.108108108108109,0.00692975382067578,12.217054263565892,10.10407948951258,8,0.09187565944322701,3308.1081081081084,0.9491263785546074,0.716545663022407,0.8839215686274507,phishing_url_11.png,phishing,url,3,M,1
0.30533235938641345,11.945945945945946,12.054054054054054,0.013743526458894656,18.91041162227603,13.778750284214158,11,0.059532505478451424,2105.1087673038896,0.9676266606080046,0.7374430555147325,0.9237997239194548,phishing_url_12.png,phishing,url,3,M,1
0.3694937541091387,14.76923076923077,14.564102564102564,0.012087295404898245,11.392265193370166,8.676235776221715,10,0.10731244064577398,4121.75635523275,0.9366137182783387,0.6883833563473825,0.8641970465435592,phishing_url_13.png,phishing,url,4,H,3
0.3111760409057706,11.72972972972973,12.64864864864865,0.013878743608473338,19.308641975308642,13.789101059616328,8,0.060336011687363036,2067.0072511535927,0.9682126034024299,0.7347761863196995,0.9259587226328267,phishing_url_14.png,phishing,url,3,M,1
0.3973703433162893,15.837837837837839,15.297297297297296,0.011077977273997872,11.132007233273056,8.285083599863604,8,0.12003895787679572,4659.979209979209,0.9283366774831727,0.6736507912865369,0.8505951472284415,phishing_url_15.png,phishing,url,4,Q,2
0.4178232286340394,15.567567567567568,14.432432432432432,0.013897952951380898,18.895027624309392,13.914830156913084,9,0.07430241051862674,2743.309162821358,0.9578121188013816,0.6875519985928542,0.9133463032618458,phishing_url_16.png,phishing,url,4,H,3
0.38287752675386444,11.241379310344827,11.172413793103448,0.014898887141666662,19.102990033222593,14.948172624566995,9,0.07177170035671819,2529.3103448275865,0.9611030919197308,0.6995953797994826,0.9177958554423346,phishing_url_17.png,phishing,url,2,L,0
0.40587695133149676,12.606060606060606,13.575757575757576,0.008711508705698008,24.434108527131784,20.208158979025157,8,0.06193245587184981,2075.2128883774453,0.9680864133057939,0.6974510589266284,0.9338796442131375,phishing_url_18.png,phishing,url,3,M,1
0.38292011019283745,13.636363636363637,13.696969696969697,0.013589208987097088,18.33729216152019,13.368174397776551,12,0.07595959595959596,2695.150594086764,0.9585527236169108,0.6979563405891438,0.9123957899629151,phishing_url_19.png,phishing,url,3,L,0
0.2853385930309007,12.051282051282051,11.794871794871796,0.00609705358020756,25.047619047619047,19.17623245469408,6,0.04091695849937608,1437.8616796047988,0.9778878959246333,0.7550407628660631,0.9458413231682783,phishing_url_20.png,phishing,url,3,Q,2
0.3985307621671258,13.515151515151516,13.272727272727273,0.020615192213630527,11.29496402877698,8.58261018924759,10,0.11687582899704112,4461.029072450392,0.9313962250107589,0.6751895301285613,0.857139013940772,phishing_url_21.png,phishing,url,3,M,1
0.30533235938641345,11.945945945945946,12.054054054054054,0.013743526458894656,15.128329297820823,11.023000227371327,11,0.07274926953981008,2633.1699496106276,0.9595058907266227,0.7322105373462884,0.9047211517253888,phishing_url_22.png,phishing,url,3,M,1
0.3629191321499014,14.76923076923077,14.666666666666666,0.015942610983539968,26.63351749539595,18.241174862690205,10,0.05049041312777577,1762.1453775582218,0.9729009107501889,0.7147397851647258,0.9414421674249843,phishing_url_23.png,phishing,url,4,Q,2
0.26285714285714284,9.314285714285715,9.257142857142858,0.010228542111136054,15.282392026578073,11.958538099653596,9,0.060408163265306125,2170.8294930875577,0.9666159767925513,0.761125185466463,0.9140500734818292,phishing_url_24.png,phishing,url,2,L,0
0.30679327976625276,11.72972972972973,11.621621621621621,0.003724630762302979,23.585185185185185,18.335307039288043,15,0.049143738332927525,1721.728387529742,0.9735224619762903,0.7405042598957262,0.9378271860531133,phishing_url_25.png,phishing,url,3,M,1
0.3526530612244898,12.342857142857143,13.085714285714285,0.012699060560084944,11.612903225806452,8.31686571630155,7,0.1035827664399093,3840.1640464798356,0.9409441754608951,0.6977566948129607,0.8709330227962454,phishing_url_26.png,phishing,url,3,Q,2
0.2794214332675871,11.743589743589743,11.487179487179487,0.011001446765734066,11.034965034965035,8.514416065875182,9,0.08481262327416174,3277.3687685704854,0.9495991023810402,0.7405357786684246,0.8751647184803246,phishing_url_27.png,phishing,url,3,Q,2
0.298539751216874,13.395348837209303,13.30232558139535,0.013114500435891982,22.828729281767956,15.635292739448746,10,0.04790877952046151,1691.3253556107472,0.9739900139081176,0.7452329520500651,0.937966233686198,phishing_url_28.png,phishing,url,4,Q,2
0.3838383838383838,13.393939393939394,13.515151515151516,0.01727721553923488,11.346246973365618,8.267250170528495,11,0.11728395061728394,4421.019843101061,0.932011505503936,0.6802369783164799,0.8565351206717018,phishing_url_29.png,phishing,url,3,M,1
0.3616326530612245,12.457142857142857,12.114285714285714,0.02677750117037833,11.542997542997544,9.256247978596491,7,0.10204081632653061,3875.7211209842785,0.9403973622707182,0.6937495186770642,0.8711721943212585,phishing_url_30.png,phishing,url,3,H,3
0.32359386413440466,11.837837837837839,12.0,0.013249347806586603,11.58924205378973,8.516773707739492,6,0.09333657982306631,3483.056133056133,0.9464359466512451,0.7145023882940478,0.8779261218274486,phishing_url_31.png,phishing,url,3,M,1
0.33610822060353795,10.64516129032258,10.0,0.017689906347554636,19.18032786885246,15.523127322151138,10,0.06193548387096774,2240.1346695897278,0.9655501696307672,0.7209346606237053,0.9229280640475305,phishing_url_32.png,phishing,url,2,M,1
0.32882414151925077,10.903225806451612,10.193548387096774,0.017318748155143854,22.121405750798722,15.839388217672003,8,0.05332986472424558,1911.0033910094774,0.9706117031493637,0.7276482698707574,0.933510061120954,phishing_url_33.png,phishing,url,2,L,0
0.3985307621671258,13.515151515151516,13.272727272727273,0.020615192213630527,18.82494004796163,14.304350315412652,10,0.07454545454545454,2671.1936999171044,0.9589211438514271,0.6933334902571261,0.9143993129631188,phishing_url_34.png,phishing,url,3,M,1
0.26285714285714284,9.314285714285715,9.257142857142858,0.010228542111136054,15.282392026578073,11.958538099653596,9,0.060408163265306125,2170.8294930875577,0.9666159767925513,0.761125185466463,0.9140500734818292,phishing_url_35.png,phishing,url,2,L,0
0.3046018991964938,12.162162162162161,12.216216216216216,0.010809823657376726,25.672209026128264,18.715444156887173,12,0.04427483191961956,1529.6800669141094,0.9764758701609493,0.7435925951866489,0.9445306551280791,phishing_url_36.png,phishing,url,3,L,0
0.3640816326530612,12.685714285714285,13.314285714285715,0.01848939045372428,15.055421686746987,10.749023525413419,4,0.08285714285714285,2956.5898617511525,0.9545321892512049,0.7020259386594915,0.9019564833555365,phishing_url_37.png,phishing,url,3,Q,2
0.3126369612856099,12.108108108108109,12.054054054054054,0.004619835880450505,26.329355608591886,18.630853674858063,8,0.04379779669354959,1522.8814888389356,0.9765804218491227,0.7395173420229224,0.9455657453194551,phishing_url_38.png,phishing,url,3,M,1
0.2636734693877551,9.428571428571429,8.857142857142858,0.013877551020408168,11.508196721311476,9.313876393290682,10,0.07691609977324262,2933.4586466165415,0.9548879118104061,0.7532817723368769,0.8841744248378169,phishing_url_39.png,phishing,url,2,M,1
0.36979591836734693,12.057142857142857,12.514285714285714,0.02477386270284656,16.16284987277354,11.736459103381645,5,0.07933673469387754,2810.0921658986176,0.9567850987928117,0.7013354627222678,0.9074178170606637,legitimate_upi_0.png,legitimate,upi,3,L,0
0.35502958579881655,14.564102564102564,14.666666666666666,0.011997559231357426,22.542056074766354,16.2005424934157,14,0.05789319891883994,2027.9031461044308,0.9688139644741421,0.7151078487656963,0.9319676064029598,legitimate_upi_1.png,legitimate,upi,4,Q,2
0.41876543209876543,19.377777777777776,18.933333333333334,0.017234497152212487,26.736462093862816,19.035127613741576,11,0.05682539682539683,2003.2432432432433,0.9691931959025122,0.6950715609856666,0.9367429542782807,legitimate_upi_2.png,legitimate,upi,6,H,3
0.35502958579881655,14.564102564102564,14.666666666666666,0.011997559231357426,26.299065420560748,18.90063290898498,14,0.05018180842356666,1737.6711362032463,0.9732772869897696,0.7180856073866747,0.9416963669975718,legitimate_upi_3.png,legitimate,upi,4,Q,2
0.37347215934812134,18.638297872340427,18.851063829787233,0.016774112551968225,26.708982035928145,18.975063454320402,16,0.05319610868340093,1844.6808510638298,0.971631641942241,0.7100475547183172,0.9394176706422553,legitimate_upi_4.png,legitimate,upi,6,H,3
0.2853385930309007,11.333333333333334,11.282051282051283,0.017896985652618276,11.520581113801454,9.272453287942556,9,0.083351596172109,3162.8755364806866,0.9513598324288641,0.7381297577822798,0.8810414121015544,legitimate_upi_5.png,legitimate,upi,3,L,0
0.35183673469387755,12.971428571428572,13.542857142857143,0.00944966277778795,11.068235294117647,8.940985756479977,7,0.10816326530612246,4035.727956254272,0.9379367029149221,0.6962042835712582,0.8642179525486307,legitimate_upi_6.png,legitimate,upi,3,L,0
0.3951789627465303,15.567567567567568,14.54054054054054,0.013743526458894657,22.497237569060772,16.458762904510042,18,0.06316451586721857,2285.0588737721923,0.9648593043740628,0.6983524457227276,0.9265438600848236,legitimate_upi_7.png,legitimate,upi,4,M,1
0.4074074074074074,19.466666666666665,19.68888888888889,0.018298278828295222,15.262275449101796,10.842893402468802,16,0.09614197530864198,3525.9610027855156,0.9457761356567294,0.682235048086068,0.8877964892250605,legitimate_upi_8.png,legitimate,upi,6,H,3
0.4074074074074074,19.466666666666665,19.68888888888889,0.018298278828295222,19.077844311377245,13.553616753086,16,0.07893333333333333,2819.198218262806,0.956645061694356,0.6894464917102388,0.910271700695791,legitimate_upi_9.png,legitimate,upi,6,H,3
0.40759678597516436,15.513513513513514,15.027027027027026,0.006574141709276842,18.724584103512015,13.474146054130046,9,0.07535427319211103,2733.783783783784,0.9579586044999879,0.6902147243506378,0.9130157074757356,legitimate_upi_10.png,legitimate,upi,4,M,1
0.3944485025566107,15.243243243243244,15.513513513513514,0.008001790467569993,26.73446327683616,19.400310601996157,8,0.055693862643669594,1917.1990171990174,0.9705164239350565,0.7023863289836403,0.9383229264852568,legitimate_upi_11.png,legitimate,upi,4,M,1
0.29313142239048134,13.255813953488373,13.30232558139535,0.004083198721076664,11.296089385474861,8.078977223340246,9,0.08797548224265368,3353.9272464030405,0.9484217505858727,0.7319353560619725,0.8758184770589851,legitimate_upi_12.png,legitimate,upi,4,M,1
0.37606837606837606,14.102564102564102,15.025641025641026,0.020476543724388476,27.025145067698258,20.434954745790712,8,0.05001408847562694,1682.604093154552,0.9741241335288261,0.710753329762402,0.9448999234327989,legitimate_upi_13.png,legitimate,upi,4,M,1
0.29150892374256354,13.348837209302326,13.30232558139535,0.016965264620181834,22.824399260628464,17.04730386853731,16,0.04801394146986359,1685.4526981259878,0.9740803263598256,0.7491444600387936,0.9373206315701692,legitimate_upi_14.png,legitimate,upi,4,Q,2
0.35437212360289283,14.717948717948717,14.666666666666666,0.020623783223350588,15.216266173752311,11.36486924569154,16,0.08423734385272846,3077.28172149394,0.9526761338311762,0.7047473505247689,0.8967267061964518,legitimate_upi_15.png,legitimate,upi,4,Q,2
0.2952947539210384,12.976744186046512,12.744186046511627,0.009130309905967622,23.291428571428572,17.784766698796254,12,0.046263746169100416,1638.4714382479115,0.9748028259734889,0.7475138705407908,0.9395249382823936,legitimate_upi_16.png,legitimate,upi,4,Q,2
0.3944485025566107,15.243243243243244,15.513513513513514,0.008001790467569993,19.096045197740114,13.85736471571154,8,0.07590942293644996,2686.156888595913,0.9586910329930195,0.6944278793758158,0.9136083848297588,legitimate_upi_17.png,legitimate,upi,4,M,1
0.37606837606837606,14.102564102564102,15.025641025641026,0.020476543724388476,15.44294003868472,11.677116997594693,8,0.08314842209072978,2948.614889933218,0.9546548320682002,0.6977334430575973,0.9034944723950749,legitimate_upi_18.png,legitimate,upi,4,M,1
0.3496296296296296,15.822222222222223,15.466666666666667,0.014295422050498883,11.697777777777778,8.740060739399643,11,0.09947873799725651,3824.6840148698884,0.9411822345697123,0.6993461750793427,0.8708859421481008,legitimate_upi_19.png,legitimate,upi,5,Q,2
0.3921028466483012,13.696969696969697,12.969696969696969,0.024103589987891062,11.106382978723405,8.176858998868077,6,0.116569737781859,4521.042916474389,0.9304733042709934,0.6765639945740687,0.8544126976199691,legitimate_upi_20.png,legitimate,upi,3,L,0
0.4199881023200476,17.414634146341463,18.341463414634145,0.008113136048177177,23.06056129985229,18.04485290536411,9,0.06724667856434662,2306.28632457404,0.9645328587861157,0.6916081122782589,0.9272410680073778,legitimate_upi_21.png,legitimate,upi,5,Q,2
0.37606837606837606,14.102564102564102,15.025641025641026,0.020476543724388476,15.44294003868472,11.677116997594693,8,0.08314842209072978,2948.614889933218,0.9546548320682002,0.6977334430575973,0.9034944723950749,legitimate_upi_22.png,legitimate,upi,4,M,1
0.29259058950784206,13.395348837209303,12.511627906976743,0.010175709963346019,26.246777163904234,19.201890055261718,18,0.04050727916910409,1449.3054211972294,0.97771190875654,0.7508942941507876,0.9462107685856512,legitimate_upi_23.png,legitimate,upi,4,M,1
0.29259058950784206,13.395348837209303,12.511627906976743,0.010175709963346019,22.497237569060772,16.458762904510042,18,0.04676702121266751,1691.3253556107472,0.9739900139081176,0.7484869931249617,0.9372386790081049,legitimate_upi_24.png,legitimate,upi,4,M,1
0.40312213039485767,13.454545454545455,13.878787878787879,0.015255507553568545,26.24578313253012,19.33415294678916,6,0.0554524840239126,1897.7913626503648,0.9708148838518382,0.7000710998253789,0.9393945516996064,legitimate_upi_25.png,legitimate,upi,3,L,0
0.3531861724281549,17.79591836734694,17.387755102040817,0.01453555049280729,26.736462093862816,19.035127613741576,11,0.04792645921342298,1689.3132727543573,0.9740209566518876,0.7193760012774435,0.9431762832806688,legitimate_upi_26.png,legitimate,upi,6,H,3
0.42074074074074075,18.8,19.066666666666666,0.009888881182469538,11.836024844720496,8.210458054531504,5,0.11920438957475994,4544.49814126394,0.9301125989409783,0.6686321868244031,0.8567644606377001,legitimate_upi_27.png,legitimate,upi,6,H,3
0.32140248356464574,12.162162162162161,11.243243243243244,0.015217433642074257,11.187648456057007,7.896927417753216,6,0.09155101046992939,3578.4823284823287,0.9449684383403203,0.7146716653197753,0.8741370039568522,legitimate_upi_28.png,legitimate,upi,3,L,0
0.30935640886965926,12.790697674418604,13.627906976744185,0.01684414440497288,27.025145067698258,20.434954745790712,8,0.04114193000077262,1383.8853848237434,0.9787179684307239,0.7426092801423145,0.9502402209509021,legitimate_upi_29.png,legitimate,upi,4,M,1
0.3944485025566107,15.35135135135135,15.45945945945946,0.013329647619353312,22.542056074766354,16.2005424934157,14,0.06432107783459134,2253.3219449698004,0.9653473695910898,0.6988959635110265,0.9275178097412653,legitimate_upi_30.png,legitimate,upi,4,Q,2
0.42074074074074075,18.8,19.066666666666666,0.009888881182469538,11.836024844720496,8.210458054531504,5,0.11920438957475994,4544.49814126394,0.9301125989409783,0.6686321868244031,0.8567644606377001,legitimate_upi_31.png,legitimate,upi,6,H,3
0.298539751216874,13.44186046511628,13.348837209302326,0.0033339177950075572,11.207339449541285,8.023082598936718,7,0.08842617631151974,3400.9999095104513,0.9476978453309377,0.7284721760391092,0.8753982198826072,legitimate_upi_32.png,legitimate,upi,4,M,1
0.3607355327203894,16.697674418604652,16.232558139534884,0.011408882157776617,11.47136563876652,8.6784364587471,13,0.10918814975061594,4224.771513890146,0.935029503369573,0.690840802758899,0.8593656427567179,legitimate_upi_33.png,legitimate,upi,5,H,3
0.3148283418553689,12.27027027027027,12.81081081081081,0.008455688022491043,25.825882352941175,20.862300098453282,7,0.045445058958572475,1543.277223064457,0.9762667667846021,0.7382116703597721,0.9450449868968301,legitimate_upi_34.png,legitimate,upi,3,L,0
0.39590942293645,15.405405405405405,15.45945945945946,0.0055148534954497985,15.061452513966481,10.771969631120328,9,0.0929054054054054,3395.716903344022,0.9477790898510745,0.6867458825592189,0.8909515642694047,legitimate_upi_35.png,legitimate,upi,4,M,1
0.3206424747174301,14.0,13.951219512195122,0.018660781845756248,26.628465804066543,19.888521179960193,16,0.045757505857786304,1588.7434554973822,0.9755675659659615,0.7349160217209963,0.9439694893788363,legitimate_upi_36.png,legitimate,upi,4,Q,2
0.32067202337472606,12.0,12.378378378378379,0.01213531608899645,22.496385542168674,16.57213109724785,6,0.05088872656440224,1761.3995485327314,0.9729123804550066,0.7331061200392465,0.9379001256810111,legitimate_upi_37.png,legitimate,upi,3,L,0
0.4199881023200476,17.414634146341463,18.341463414634145,0.008113136048177177,26.903988183161005,21.05232838959146,9,0.05830470201167915,1976.2418592772315,0.9696084357137571,0.6950553522706461,0.9376483796654315,legitimate_upi_38.png,legitimate,upi,5,Q,2
0.32938271604938274,15.955555555555556,15.511111111111111,0.010417295362829121,15.295154185022026,11.571248611662803,13,0.0779320987654321,2890.0,0.9555562390428444,0.7177234126979528,0.8995387750712869,legitimate_upi_39.png,legitimate,upi,5,H,3
0.3419408579758434,18.163265306122447,17.387755102040817,0.01409938432304103,18.680800942285043,13.577960431819488,11,0.0657975843398584,2415.268561412295,0.9628568793803665,0.7167706909836176,0.9175456330866526,phishing_upi_0.png,phishing,upi,6,H,3
0.37541091387245235,15.025641025641026,14.41025641025641,0.007806931023693569,26.253164556962027,19.550304056964347,5,0.05063800668196273,1792.7381792519407,0.9724304404507129,0.7098539770274164,0.9412526459922992,phishing_upi_1.png,phishing,upi,4,M,1
0.3126369612856099,12.27027027027027,11.027027027027026,0.006283656148314553,11.110588235294118,8.095285825414425,10,0.091672753834916,3610.29106029106,0.9444792689033454,0.7188286793868494,0.8711336892366461,phishing_upi_2.png,phishing,upi,3,L,0
0.40467494521548575,15.675675675675675,14.54054054054054,0.018276108112778376,22.83729433272395,16.985019703394602,5,0.06329640451262072,2300.927338173388,0.9646152717655494,0.6954810803944278,0.9266128985443343,phishing_upi_3.png,phishing,upi,4,M,1
0.4167901234567901,19.822222222222223,19.68888888888889,0.004219261108798775,26.437132784958873,18.577034537988332,11,0.05858402620307382,2049.189189189189,0.9684866178268817,0.6950592456716447,0.9352062348206697,phishing_upi_4.png,phishing,upi,6,H,3
0.4054320987654321,20.08888888888889,19.244444444444444,0.009925803082588511,14.757821552723058,10.366873030778903,15,0.09646604938271605,3638.66295264624,0.9440429527781773,0.6816413353995239,0.8840343075218459,phishing_upi_5.png,phishing,upi,6,H,3
0.34074074074074073,15.822222222222223,15.866666666666667,0.02109630554399389,15.277037037037037,11.64201803011158,11,0.07811728395061729,2865.849582172702,0.9559276353739627,0.7127366830046672,0.902032869319924,phishing_upi_6.png,phishing,upi,5,Q,2
0.3526530612244898,12.685714285714285,12.228571428571428,0.022236470974491808,26.751807228915663,21.923714186284116,8,0.047863390254060806,1686.888694127958,0.9740582429470065,0.7195339258684884,0.9432340140357217,phishing_upi_7.png,phishing,upi,3,L,0
0.40175310445580714,15.35135135135135,15.621621621621621,0.02073786642305097,18.953271028037385,13.903124894200586,10,0.07633308984660336,2705.2076466710614,0.9583980615958068,0.6921037510583073,0.9135298328557253,phishing_upi_8.png,phishing,upi,4,M,1
0.37166138524219106,18.93617021276596,18.127659574468087,0.015324862725043695,14.944640753828033,10.862368345455591,11,0.08710106382978723,3283.5319148936173,0.9495043226571893,0.6960518791728643,0.8920012614293975,phishing_upi_9.png,phishing,upi,6,H,3
0.37533802055164955,16.976744186046513,16.88372093023256,0.006841054970618462,22.424242424242426,16.378957073504083,12,0.060513190313082145,2143.519981937232,0.9670359551266073,0.706286747716543,0.9297552170379707,phishing_upi_10.png,phishing,upi,5,Q,2
0.3123585332729742,15.148936170212766,15.191489361702128,0.019339075928740464,26.734814814814815,20.373531552695265,11,0.043144464666808324,1499.3296415039347,0.9769426130854746,0.7399568685933011,0.9463695814632321,phishing_upi_11.png,phishing,upi,5,Q,2
0.32956573468173705,14.146341463414634,13.121951219512194,0.01488399286519547,11.418647166361975,8.492509851697301,5,0.09534668517416882,3754.5545047287205,0.9422607187166867,0.7090669959483482,0.8696073749841321,phishing_upi_12.png,phishing,upi,4,M,1
0.32956573468173705,14.0,13.512195121951219,0.007406246042824952,11.134935304990758,7.733446303175287,16,0.09590852006081037,3715.714285714286,0.9428580216265141,0.7094397055547087,0.8709562642084341,phishing_upi_13.png,phishing,upi,4,M,1
0.3155588020452885,12.0,11.567567567567568,0.019897499593683313,15.286746987951807,12.527836677876639,8,0.0714481373265157,2645.0847457627115,0.9593226594629423,0.7267922330741858,0.9060011861137179,phishing_upi_14.png,phishing,upi,3,L,0
0.3308641975308642,16.4,14.933333333333334,0.0071391764418770225,14.699001426533524,10.714655215079453,13,0.07753086419753086,2970.50139275766,0.9543182512724502,0.7162377067431245,0.896974224523515,phishing_upi_15.png,phishing,upi,5,Q,2
0.3265913146936347,13.853658536585366,14.097560975609756,0.028060622046569325,19.02803738317757,12.611712360797787,10,0.06224866151100535,2202.528475162502,0.9661284951379063,0.7258538643436475,0.9230900438634528,phishing_upi_16.png,phishing,upi,4,M,1
0.29745808545159547,13.209302325581396,13.44186046511628,0.015354320785914954,26.534579439252337,19.46437485188082,10,0.041484089579585215,1429.1761792361567,0.9780214655793658,0.7484318001050454,0.9474634630650726,phishing_upi_17.png,phishing,upi,4,M,1
0.4167901234567901,19.822222222222223,19.68888888888889,0.004219261108798775,22.660399529964746,15.923172461132856,11,0.06754458161865569,2391.3543599257882,0.9632246430669917,0.6914970250505632,0.9243929140427879,phishing_upi_18.png,phishing,upi,6,H,3
0.3244905805459439,17.49019607843137,17.372549019607842,0.0032848918667118714,18.883666274970622,13.269310384277382,11,0.06205305651672434,2234.3811394891945,0.9656386500862855,0.7266217946982942,0.9216983240132783,phishing_upi_19.png,phishing,upi,6,H,3
0.37317468902109246,16.558139534883722,16.6046511627907,0.023104390874303753,22.915555555555557,17.46302704516737,11,0.05944654768343249,2090.666064574396,0.9678487671919787,0.7075908276397543,0.9313286679175137,phishing_upi_20.png,phishing,upi,5,Q,2
0.31416930737890447,15.53191489361702,15.446808510638299,0.005726170502794711,14.94949494949495,10.919304715669387,12,0.07277048438207334,2693.2340425531916,0.9585821972356721,0.727146339677145,0.9040251743058738,phishing_upi_21.png,phishing,upi,5,Q,2
0.40467494521548575,15.513513513513514,14.972972972972974,0.00909415602482742,25.981515711645102,18.044708040742336,16,0.05526154947004368,1951.1919075748865,0.9699936654941888,0.699120956348198,0.9377611837015972,phishing_upi_22.png,phishing,upi,4,M,1
0.38207333635129015,18.97872340425532,18.851063829787233,0.0038678151857480976,22.660399529964746,15.923172461132856,11,0.061918414566671694,2191.991988209062,0.9662905301231959,0.703505916068916,0.9286569853587303,phishing_upi_23.png,phishing,upi,6,H,3
0.3126369612856099,12.27027027027027,11.027027027027026,0.006283656148314553,11.110588235294118,8.095285825414425,10,0.091672753834916,3610.29106029106,0.9444792689033454,0.7188286793868494,0.8711336892366461,phishing_upi_24.png,phishing,upi,3,L,0
0.38016528925619836,13.393939393939394,12.727272727272727,0.01474965877337834,26.54237288135593,18.619583306428403,10,0.05337231311257285,1889.2427529086965,0.9709463483389922,0.7071893873589639,0.9384020595324389,phishing_upi_25.png,phishing,upi,3,L,0
0.3123585332729742,15.148936170212766,15.191489361702128,0.019339075928740464,15.277037037037037,11.64201803011158,11,0.07161045722046175,2626.8255319148934,0.9596034581257513,0.7287177827948351,0.9060979113912684,phishing_upi_26.png,phishing,upi,5,Q,2
0.2886259040105194,11.384615384615385,12.307692307692308,0.0061675420904975945,11.306024096385542,8.639519026628019,7,0.08715026663744613,3177.1871904919117,0.9511397411728861,0.7360979049160482,0.8813149364230654,phishing_upi_27.png,phishing,upi,3,L,0
0.30241051862673485,11.945945945945946,11.35135135135135,0.011732927979699789,22.750605326876514,15.959642834081489,10,0.04904228552877202,1753.4653163321334,0.9730343967592634,0.7424996665119672,0.9361683662774328,phishing_upi_28.png,phishing,upi,3,L,0
0.3244905805459439,17.49019607843137,17.372549019607842,0.0032848918667118714,18.883666274970622,13.269310384277382,11,0.06205305651672434,2234.3811394891945,0.9656386500862855,0.7266217946982942,0.9216983240132783,phishing_upi_29.png,phishing,upi,6,H,3
0.2996214169821525,13.348837209302326,12.883720930232558,0.00673331508814966,11.134935304990758,7.733446303175287,16,0.08719427918995253,3377.463577956746,0.9480597979584051,0.7280990997437272,0.876515755698718,phishing_upi_30.png,phishing,upi,4,M,1
0.41046995835812017,17.365853658536587,17.414634146341463,0.025413455518493538,22.915555555555557,17.46302704516737,11,0.06538766607178267,2299.8261387909197,0.9646322065206084,0.6939854842218438,0.9269651718173765,phishing_upi_31.png,phishing,upi,5,Q,2
0.412849494348602,17.804878048780488,17.70731707317073,0.007524753504267396,11.212121212121213,8.189478536752041,12,0.12188512129023729,4725.559980089596,0.9273281459710023,0.6687428955224296,0.8502796253128613,phishing_upi_32.png,phishing,upi,5,Q,2
0.3526530612244898,12.685714285714285,12.228571428571428,0.022236470974491808,26.751807228915663,21.923714186284116,8,0.047863390254060806,1686.888694127958,0.9740582429470065,0.7195339258684884,0.9432340140357217,phishing_upi_33.png,phishing,upi,3,L,0
0.2886259040105194,11.384615384615385,12.307692307692308,0.0061675420904975945,26.380722891566265,20.15887772879871,7,0.04080290893477707,1358.3203952011293,0.9791111187032706,0.7539615166928325,0.9491857164545725,phishing_upi_34.png,phishing,upi,3,L,0
0.2996214169821525,13.488372093023257,12.511627906976743,0.013531634400429208,15.224862888482633,11.323346468929733,5,0.06765481341265549,2557.088616177368,0.9606759047738234,0.7360884885320574,0.9064578406044629,phishing_upi_35.png,phishing,upi,4,M,1
0.29745808545159547,13.209302325581396,13.44186046511628,0.015354320785914954,11.37196261682243,8.341874936520352,10,0.08812571359894238,3342.1590806261875,0.9486027268996065,0.7296267012034725,0.8772989604469414,phishing_upi_36.png,phishing,upi,4,M,1
0.28139381985535833,11.64102564102564,10.461538461538462,0.0056557036601200756,25.924705882352942,18.889000259300325,10,0.038287109715681146,1388.9131968948482,0.9786406484037946,0.7577749870390779,0.9472435872259126,phishing_upi_37.png,phishing,upi,3,L,0
0.3123585332729742,15.148936170212766,15.191489361702128,0.019339075928740464,11.457777777777778,8.731513522583684,11,0.09144409234947941,3505.550087075036,0.9460900241891699,0.7201266244217103,0.8747463994556891,phishing_upi_38.png,phishing,upi,5,Q,2
0.28139381985535833,11.64102564102564,10.461538461538462,0.0056557036601200756,22.221176470588237,16.19057165082885,10,0.04424172693403463,1620.8944160764288,0.9750731335761629,0.7554768546959225,0.9384434592660724,phishing_upi_39.png,phishing,upi,3,L,0
0.37101135749053543,17.209302325581394,16.46511627906977,0.01532571910795539,18.634423897581794,13.360578035258898,10,0.07129259058950785,2608.472922426411,0.9598856930700581,0.7030830013544679,0.9141318019767303,legitimate_wifi_0.png,legitimate,wifi,5,H,3
0.39026629935720847,13.454545454545455,13.818181818181818,0.013896001791020723,22.698795180722893,17.41577663088397,10,0.06408784817875728,2214.890678941312,0.9659383834321454,0.7005350361661938,0.928493272545313,legitimate_wifi_1.png,legitimate,wifi,3,M,1
0.3367901234567901,16.133333333333333,16.22222222222222,0.008023741634208359,18.867924528301888,13.486378718243632,14,0.06544197530864197,2336.4587973273947,0.9640688525001171,0.7198234171642596,0.9196542832009834,legitimate_wifi_2.png,legitimate,wifi,5,H,3
0.3884297520661157,12.787878787878787,13.696969696969697,0.023839770405412616,15.816793893129772,11.784624601498024,10,0.09033516988062443,3161.7179398548224,0.9513776344869003,0.6913625502879568,0.8977988400672389,legitimate_wifi_3.png,legitimate,wifi,3,M,1
0.35591836734693877,12.4,11.942857142857143,0.021255863781700458,26.617283950617285,19.15354971531778,7,0.046888796334860476,1648.8957055214723,0.9746425167545063,0.7185998628280288,0.944741976122293,legitimate_wifi_4.png,legitimate,wifi,3,L,0
0.30873698506111363,15.446808510638299,15.53191489361702,0.007355399189348985,11.320754716981131,8.091827230946178,14,0.09340576429757054,3574.47944271977,0.945029996574912,0.7213708287638269,0.8714658574133385,legitimate_wifi_5.png,legitimate,wifi,5,H,3
0.37101135749053543,17.209302325581394,16.46511627906977,0.01532571910795539,11.180654338549076,8.01634682115534,10,0.1110209722973379,4354.221337435527,0.9330387639185014,0.6856071343740564,0.8567543404219244,legitimate_wifi_6.png,legitimate,wifi,5,H,3
0.30873698506111363,15.446808510638299,15.53191489361702,0.007355399189348985,18.867924528301888,13.486378718243632,14,0.05999094612947035,2141.639069092229,0.9670648806770796,0.7353974800271431,0.9229286966029755,legitimate_wifi_7.png,legitimate,wifi,5,H,3
0.3973703433162893,15.945945945945946,15.513513513513514,0.016235289094881557,25.813285457809695,19.54328536940052,13,0.057050431567806086,2005.5805321762768,0.9691572519888002,0.7006136085628067,0.935642547755661,legitimate_wifi_8.png,legitimate,wifi,4,Q,2
0.30665224445646294,13.395348837209303,13.162790697674419,0.015162623871147859,18.876611418047883,13.53086186359376,10,0.056571119524067064,2030.3789234021792,0.9687758908220991,0.7375400268944916,0.9266658467409818,legitimate_wifi_9.png,legitimate,wifi,4,Q,2
0.34530612244897957,12.057142857142857,12.914285714285715,0.021193069364485166,23.72519083969466,17.676936902247032,10,0.05551020408163265,1871.1592226389362,0.9712244452582208,0.7206967916923558,0.9364274560726389,legitimate_wifi_10.png,legitimate,wifi,3,M,1
0.3089846603360117,11.405405405405405,12.216216216216216,0.01896384950437862,27.6793893129771,20.623093052621538,10,0.04300770710037119,1434.499973861676,0.9779395937953792,0.7422558350551954,0.9483937690570535,legitimate_wifi_11.png,legitimate,wifi,3,M,1
0.3420408163265306,12.571428571428571,13.257142857142858,0.011457688855198527,26.228710462287104,20.055306814584437,9,0.049579341940857974,1671.6914986853637,0.9742919524700064,0.724164150076622,0.9429384441703755,legitimate_wifi_12.png,legitimate,wifi,3,L,0
0.3236168947055324,14.390243902439025,14.0,0.013221957626944008,22.125673249551166,16.75138745948616,13,0.053622182563289045,1905.7548060205652,0.9706924183246614,0.7302799341167056,0.9331236563121168,legitimate_wifi_13.png,legitimate,wifi,4,Q,2
0.35183673469387755,13.028571428571428,13.028571428571428,0.022400690177979184,14.576112412177986,10.60580420236639,10,0.08321428571428571,3036.4976958525344,0.9533033295012374,0.7061471314286505,0.8977816278175453,legitimate_wifi_14.png,legitimate,wifi,3,L,0
0.3420408163265306,12.571428571428571,13.257142857142858,0.011457688855198527,26.228710462287104,20.055306814584437,9,0.049579341940857974,1671.6914986853637,0.9742919524700064,0.724164150076622,0.9429384441703755,legitimate_wifi_15.png,legitimate,wifi,3,L,0
0.3469387755102041,12.685714285714285,13.028571428571428,0.01235326200034414,11.349397590361447,8.707888315441984,10,0.1054421768707483,3946.8352699931647,0.9393037358903644,0.6991649428796908,0.866351459786433,legitimate_wifi_16.png,legitimate,wifi,3,M,1
0.3051154368492531,14.76595744680851,14.97872340425532,0.007588526307940332,23.397260273972602,17.78620346194746,17,0.049123535033449024,1705.4287441895622,0.973773125454594,0.7416189709877231,0.9382105243238759,legitimate_wifi_17.png,legitimate,wifi,5,H,3
0.40690065437239736,17.317073170731707,17.75609756097561,0.016017741841566045,19.554234769687966,14.518844158786944,10,0.07802498512790006,2753.160593953128,0.9576606189223829,0.6902312047747927,0.9123455628529815,legitimate_wifi_18.png,legitimate,wifi,5,H,3
0.2754766600920447,11.487179487179487,11.076923076923077,0.0127147137447822,25.727923627684966,19.259624460309777,13,0.038951280709522466,1370.5575158786169,0.9789229305834801,0.761403232474718,0.9472579908998012,legitimate_wifi_19.png,legitimate,wifi,3,L,0
0.3951789627465303,15.45945945945946,15.243243243243244,0.013269468315986079,15.109461966604824,10.849325769597916,12,0.0924945215485756,3407.6316994961066,0.9475958585873943,0.686846526639835,0.8904998138101513,legitimate_wifi_20.png,legitimate,wifi,4,Q,2
0.36752136752136755,14.512820512820513,14.35897435897436,0.02064473171348794,15.129455909943715,10.93422836716848,15,0.08265532544378698,3034.392777640366,0.9533356999101841,0.6999931097647617,0.8997577076455349,legitimate_wifi_21.png,legitimate,wifi,4,Q,2
0.28205128205128205,11.743589743589743,11.64102564102564,0.011557130724028227,21.874125874125873,16.186356653627197,10,0.0464515304258894,1635.175424147587,0.974853513607671,0.754958923437361,0.9379889596307507,legitimate_wifi_22.png,legitimate,wifi,3,M,1
0.29259058950784206,13.30232558139535,13.116279069767442,0.00982471721178201,11.332096474953618,8.136994327198439,12,0.08761492698756085,3365.6954121798935,0.948240774272139,0.7321300893390741,0.8752483813912989,legitimate_wifi_23.png,legitimate,wifi,4,Q,2
0.3133674214755296,11.783783783783784,12.162162162162161,0.012331587301778054,15.390663390663391,11.524664771077353,11,0.07263513513513513,2597.425561154375,0.960055584517664,0.7283702767462404,0.9073474856917327,legitimate_wifi_24.png,legitimate,wifi,3,M,1
0.3957759412304867,13.818181818181818,13.818181818181818,0.02519820520479751,18.220140515222482,13.257255252957988,10,0.0766574839302112,2731.0859353412543,0.9580000932651362,0.6935345591494392,0.9122746572436962,legitimate_wifi_25.png,legitimate,wifi,3,L,0
0.2866535174227482,11.128205128205128,10.717948717948717,0.017119285425761386,11.407407407407407,8.20866416370762,7,0.08112352984147855,3105.628920435787,0.9522401974527759,0.7379072468345035,0.8835147000236765,legitimate_wifi_26.png,legitimate,wifi,3,L,0
0.36752136752136755,14.512820512820513,14.35897435897436,0.02064473171348794,15.129455909943715,10.93422836716848,15,0.08265532544378698,3034.392777640366,0.9533356999101841,0.6999931097647617,0.8997577076455349,legitimate_wifi_27.png,legitimate,wifi,4,Q,2
0.30964237211407875,15.106382978723405,15.48936170212766,0.012189146236157784,11.732540861812778,8.711306495272165,10,0.09260097580604597,3495.703036268645,0.9462414567054925,0.7216412807525691,0.8745008928573342,legitimate_wifi_28.png,legitimate,wifi,5,H,3
0.2781065088757396,10.820512820512821,11.58974358974359,0.01706871135535459,23.72519083969466,17.676936902247032,10,0.044707429322813935,1506.6463515071653,0.9768300933240985,0.7584933649406823,0.9423703304204051,legitimate_wifi_29.png,legitimate,wifi,3,M,1
0.3420408163265306,12.8,12.342857142857143,0.015787003759847942,25.727923627684966,19.259624460309777,13,0.048363182007496876,1702.0858895705521,0.9738245334240065,0.7238580952855881,0.9419009613371097,legitimate_wifi_30.png,legitimate,wifi,3,L,0
0.3105477591670439,15.74468085106383,15.063829787234043,0.012828091729565193,26.08819345661451,18.704809249362462,10,0.043823504956532186,1558.292043136112,0.9760358619146786,0.7402947678005807,0.9440830813248101,legitimate_wifi_31.png,legitimate,wifi,5,H,3
0.3699296917252569,16.511627906976745,16.930232558139537,0.014562371030650372,23.465081723625556,17.42261299054433,10,0.06006249624421609,2084.793407089637,0.9679390796436866,0.7088232499655769,0.9312777468673077,legitimate_wifi_32.png,legitimate,wifi,5,H,3
0.3939393939393939,13.878787878787879,13.757575757575758,0.01614177762281629,18.22843822843823,13.48863054468933,10,0.07667584940312214,2743.0643824260846,0.957815883147878,0.6939649699133054,0.9117487202914338,legitimate_wifi_33.png,legitimate,wifi,3,M,1
0.28336620644312954,11.692307692307692,11.692307692307692,0.01804131851941123,14.576112412177986,10.60580420236639,10,0.06702005259697567,2444.6697996537227,0.9624047334965441,0.7462507117304557,0.9076104547066679,legitimate_wifi_34.png,legitimate,wifi,3,L,0
0.34530612244897957,12.057142857142857,12.914285714285715,0.021193069364485166,23.72519083969466,17.676936902247032,10,0.05551020408163265,1871.1592226389362,0.9712244452582208,0.7206967916923558,0.9364274560726389,legitimate_wifi_35.png,legitimate,wifi,3,M,1
0.35183673469387755,13.028571428571428,13.028571428571428,0.022400690177979184,21.86416861826698,15.908706303549586,10,0.05766439909297052,2021.916126832595,0.9689060356344756,0.7164362387344817,0.9318987760672596,legitimate_wifi_36.png,legitimate,wifi,3,L,0
0.28336620644312954,11.692307692307692,11.692307692307692,0.01804131851941123,25.508196721311474,18.560157354141186,10,0.04023936990969958,1395.031757233592,0.9785465543438995,0.756582372275134,0.9472348150790485,legitimate_wifi_37.png,legitimate,wifi,3,L,0
0.2754766600920447,11.282051282051283,11.897435897435898,0.009227921661813408,22.48175182481752,17.190262983929514,9,0.04609540506976404,1570.910887827376,0.9758418034658849,0.7594191544255912,0.9395594002369438,legitimate_wifi_38.png,legitimate,wifi,3,L,0
0.39026629935720847,13.454545454545455,13.818181818181818,0.013896001791020723,18.91566265060241,14.51314719240331,10,0.07575757575757576,2659.215252832274,0.9591053539686851,0.6959470236940691,0.9141639793801583,legitimate_wifi_39.png,legitimate,wifi,3,M,1
0.4097881665449233,15.783783783783784,15.297297297297296,0.023714657532137227,25.96733212341198,17.615958157638037,12,0.05628270300084972,1985.1847979507554,0.9694709070533208,0.697419587263998,0.9369234877986672,phishing_wifi_0.png,phishing,wifi,4,Q,2
0.4199881023200476,18.24390243902439,17.414634146341463,0.00892325996430697,18.50914205344585,13.089526770600749,15,0.07915526472337894,2900.5128510942814,0.955394567540764,0.6854639727211101,0.9085045358166264,phishing_wifi_1.png,phishing,wifi,5,H,3
0.4199881023200476,18.24390243902439,17.414634146341463,0.00892325996430697,22.21097046413502,15.707432124720901,15,0.06704838389847313,2416.1094828870896,0.9628439472997403,0.6904748376504304,0.9237763569601101,phishing_wifi_2.png,phishing,wifi,5,H,3
0.4097881665449233,15.783783783783784,15.297297297297296,0.023714657532137227,25.96733212341198,17.615958157638037,12,0.05628270300084972,1985.1847979507554,0.9694709070533208,0.697419587263998,0.9369234877986672,phishing_wifi_3.png,phishing,wifi,4,Q,2
0.3820018365472911,13.393939393939394,12.969696969696969,0.0132753280943994,11.317191283292978,8.676517520051428,11,0.11524334251606978,4421.019843101061,0.932011505503936,0.6808615512290779,0.8562773096129838,phishing_wifi_4.png,phishing,wifi,3,L,0
0.3177501826150475,11.72972972972973,12.0,0.01095690284879474,15.367901234567901,11.935441849315573,11,0.07247534696859022,2585.5107650022906,0.9602388157813446,0.7262687503894923,0.908457397058028,phishing_wifi_5.png,phishing,wifi,3,M,1
0.3372992266508031,13.902439024390244,13.902439024390244,0.014351383797519131,22.748603351955307,16.604449688141496,8,0.05260592240068742,1841.1529481893597,0.9716858956695881,0.7245578806180356,0.9367277168295153,phishing_wifi_6.png,phishing,wifi,4,Q,2
0.3727810650887574,14.615384615384615,14.615384615384615,0.015861062566488903,15.165735567970206,11.069633125427664,8,0.08397024983563445,3055.8372495671533,0.9530059168706801,0.6978366061431863,0.8996347408536267,phishing_wifi_7.png,phishing,wifi,4,Q,2
0.3668639053254438,14.512820512820513,14.307692307692308,0.007350650813608767,26.975609756097562,19.330476521917603,15,0.049604851802654,1731.5525758645024,0.9733713810496647,0.7135635520977485,0.9427218329699055,phishing_wifi_8.png,phishing,wifi,4,H,3
0.3397530864197531,15.644444444444444,15.333333333333334,0.01285848549757188,11.451274362818591,8.477076100612734,9,0.09838134430727023,3781.710037174721,0.941843108338592,0.7041138382420516,0.8706018174344263,phishing_wifi_9.png,phishing,wifi,5,H,3
0.3177501826150475,12.0,12.27027027027027,0.014406926897966422,22.612048192771084,16.93421287466366,7,0.05087858128398669,1761.3995485327314,0.9729123804550067,0.7345432987945574,0.9375983792187694,phishing_wifi_10.png,phishing,wifi,3,M,1
0.4199881023200476,18.24390243902439,17.414634146341463,0.00892325996430697,11.10548523206751,7.85371606236045,15,0.1232401348403728,4842.080637132903,0.9255362372415203,0.6658386905884272,0.8473263053927422,phishing_wifi_11.png,phishing,wifi,5,H,3
0.3372992266508031,13.902439024390244,13.902439024390244,0.014351383797519131,18.957169459962756,13.837041406784582,8,0.06218917311124331,2210.2838571173,0.9660092292757159,0.720813322354855,0.924057460727431,phishing_wifi_12.png,phishing,wifi,4,Q,2
0.4141709276844412,15.405405405405405,15.405405405405405,0.017622115532234937,18.957169459962756,13.837041406784582,8,0.07636230825420015,2714.7330257086355,0.9582515758972006,0.6887266178693173,0.9140345853987342,phishing_wifi_13.png,phishing,wifi,4,Q,2
0.3177501826150475,11.72972972972973,12.0,0.01095690284879474,23.05185185185185,17.903162773973357,11,0.05002637772908043,1721.728387529742,0.9735224619762903,0.7349362343697482,0.9390038211282569,phishing_wifi_14.png,phishing,wifi,3,M,1
0.4092801903628792,17.170731707317074,16.829268292682926,0.015489847193684146,11.451274362818591,8.477076100612734,9,0.118514111970388,4557.252364360378,0.9299164585802544,0.6713320955754357,0.8552390759511748,phishing_wifi_15.png,phishing,wifi,5,H,3
0.35346938775510206,12.285714285714286,12.914285714285715,0.012777531299998793,11.581047381546135,8.601109938247786,12,0.10412698412698412,3822.3855092276144,0.9412175820559835,0.6975880187262914,0.87166421619148,phishing_wifi_16.png,phishing,wifi,3,L,0
0.3177501826150475,11.72972972972973,12.0,0.01095690284879474,11.525925925925925,8.95158138698668,11,0.0932148364580797,3451.2474012474013,0.9469251160882202,0.7177237023466553,0.8778785357336301,phishing_wifi_17.png,phishing,wifi,3,M,1
0.32651570489408327,11.35135135135135,12.27027027027027,0.008068196506345701,28.0,20.61757500233677,7,0.043037521802000565,1427.7013957865022,0.9780441454835528,0.7336770538614916,0.9501272044380504,phishing_wifi_18.png,phishing,wifi,3,M,1
0.29322813938198555,11.282051282051283,11.282051282051283,0.0140395506272601,22.715328467153284,16.629473836372306,9,0.045017897582000144,1570.910887827376,0.9758418034658849,0.7492768082641907,0.9417878921326095,phishing_wifi_19.png,phishing,wifi,3,L,0
0.3114531462200091,14.97872340425532,14.680851063829786,0.01178743011886965,15.268365817091455,11.302768134150313,9,0.07045043005885016,2597.3106382978726,0.9600573518546756,0.7294703759749804,0.9070060034190133,phishing_wifi_20.png,phishing,wifi,5,H,3
0.40955004591368227,13.333333333333334,13.333333333333334,0.019608959140553373,15.143552311435522,11.086315890914872,9,0.09096648301193756,3296.577946768061,0.9493036947256781,0.6838690987644317,0.8952963931658877,phishing_wifi_21.png,phishing,wifi,3,L,0
0.3551020408163265,12.4,12.685714285714285,0.01224489795918366,26.893827160493828,20.88702323630225,11,0.04838817159516868,1648.8957055214723,0.9746425167545063,0.7189270841500933,0.9446852764094141,phishing_wifi_22.png,phishing,wifi,3,M,1
0.3395918367346939,12.628571428571428,12.228571428571428,0.011801495750857925,11.317191283292978,8.676517520051428,11,0.10244897959183673,3929.056732740943,0.9395771424854529,0.7026033973144092,0.8655981963754583,phishing_wifi_23.png,phishing,wifi,3,L,0
0.3668639053254438,14.512820512820513,14.307692307692308,0.007350650813608767,15.414634146341463,11.045986583952915,15,0.08263477975016437,3034.392777640366,0.9533356999101841,0.7002411192090541,0.8996828728545475,phishing_wifi_24.png,phishing,wifi,4,H,3
0.2938856015779093,10.76923076923077,11.64102564102564,0.007261907309130348,12.0,8.836103572430044,7,0.08320549346190372,3005.447342357214,0.953780836244622,0.7347421157265821,0.8889133384677449,phishing_wifi_25.png,phishing,wifi,3,M,1
0.3820018365472911,13.393939393939394,12.969696969696969,0.0132753280943994,26.406779661016948,20.245207546786663,11,0.053775229099904426,1889.2427529086965,0.9709463483389922,0.7065744389978763,0.9385153884484884,phishing_wifi_26.png,phishing,wifi,3,L,0
0.29322813938198555,11.282051282051283,11.282051282051283,0.0140395506272601,11.357664233576642,8.314736918186153,9,0.08364380159251954,3148.5638824694615,0.9515799236848421,0.7337542136589967,0.8834717235580942,phishing_wifi_27.png,phishing,wifi,3,L,0
0.4092801903628792,17.170731707317074,16.829268292682926,0.015489847193684146,26.719640179910044,19.779844234763047,9,0.055615583532639706,1948.5634018643852,0.9700340878746287,0.6979495703060049,0.9380601563554235,phishing_wifi_28.png,phishing,wifi,5,H,3
0.37209302325581395,16.372093023255815,16.046511627906977,0.014082440850504628,19.08545727136432,14.128460167687892,9,0.06894537587885344,2481.5742397137747,0.9618371998936768,0.7039681745530092,0.9184058096308464,phishing_wifi_29.png,phishing,wifi,5,H,3
0.3034072471606274,13.581395348837209,13.162790697674419,0.01755833756706103,25.96733212341198,17.615958157638037,12,0.04167172547764374,1469.434663158302,0.9774023519337143,0.7448581173740831,0.9465893503687842,phishing_wifi_30.png,phishing,wifi,4,Q,2
0.3727810650887574,14.615384615384615,14.615384615384615,0.015861062566488903,15.165735567970206,11.069633125427664,8,0.08397024983563445,3055.8372495671533,0.9530059168706801,0.6978366061431863,0.8996347408536267,phishing_wifi_31.png,phishing,wifi,4,Q,2
0.3727810650887574,14.615384615384615,14.615384615384615,0.015861062566488903,22.748603351955307,16.604449688141496,8,0.05813974724231134,2035.0436501400097,0.9687041544898962,0.7082707916065272,0.9331325960522209,phishing_wifi_32.png,phishing,wifi,4,Q,2
0.3727810650887574,14.615384615384615,14.615384615384615,0.015861062566488903,26.540037243947857,19.371857969498414,8,0.050362945967341574,1743.7896965419902,0.9731831929298744,0.7112834331682337,0.9426955333208352,phishing_wifi_33.png,phishing,wifi,4,Q,2
0.3397530864197531,15.644444444444444,15.333333333333334,0.01285848549757188,15.268365817091455,11.302768134150313,9,0.07685185185185185,2833.649025069638,0.9564228304821204,0.713494571596779,0.9029979715847186,phishing_wifi_34.png,phishing,wifi,5,H,3
0.33967876264128494,13.658536585365853,13.317073170731707,0.02019979398732855,11.601518026565465,8.309058496819297,6,0.0944213100667592,3625.0871080139373,0.9442517284161114,0.7056056785347329,0.8759695747537097,phishing_wifi_35.png,phishing,wifi,4,Q,2
0.3397530864197531,15.644444444444444,15.333333333333334,0.01285848549757188,22.902548725637182,16.95415220122547,9,0.05327846364883402,1887.3469387755104,0.9709755030483881,0.7230300169094908,0.9353629659993286,phishing_wifi_36.png,phishing,wifi,5,H,3
0.37541091387245235,14.35897435897436,14.0,0.022324690133267117,27.07020872865275,19.38780315924503,6,0.04884675763796643,1713.1968948482709,0.9736536632293502,0.7106686690088728,0.9438591838834258,phishing_wifi_37.png,phishing,wifi,4,Q,2
0.3818280151433207,17.3953488372093,16.6046511627907,0.008112493239588958,11.10548523206751,7.85371606236045,15,0.11204254552010096,4401.294000542937,0.9323148586635663,0.6812683828792351,0.8568302160775438,phishing_wifi_38.png,phishing,wifi,5,H,3
0.2859960552268245,11.128205128205128,11.384615384615385,0.00986193293885601,15.367901234567901,11.935441849315573,11,0.06523257725180802,2326.725204056394,0.964218540213816,0.7458607221945049,0.9125540724261524,phishing_wifi_39.png,phishing,wifi,3,M,1
0.32286340394448504,11.72972972972973,12.162162162162161,0.010278485960168214,11.466666666666667,9.154476743344999,8,0.09272786299813326,3451.2474012474013,0.9469251160882202,0.7151679633893401,0.8788989441930617,legitimate_text_0.png,legitimate,text,3,L,0
0.3177501826150475,11.72972972972973,11.405405405405405,0.014916419179446404,27.135802469135804,19.246903285579172,7,0.04211326605148999,1475.2914423127188,0.9773122836663378,0.7374343256629168,0.9477254355412983,legitimate_text_1.png,legitimate,text,3,M,1
0.2905982905982906,11.128205128205128,11.538461538461538,0.00925131313574641,15.28888888888889,12.205968991126664,8,0.06510930309007232,2326.725204056394,0.9642185402138161,0.7432466486012577,0.9133781087205042,legitimate_text_2.png,legitimate,text,3,L,0
0.2996214169821525,12.930232558139535,13.255813953488373,0.00922591785247808,15.495219885277246,11.522256959848725,13,0.0682294483504597,2451.2780527493387,0.9623031087142168,0.7371079698433057,0.9103285506484163,legitimate_text_3.png,legitimate,text,4,Q,2
0.40587695133149676,13.151515151515152,13.636363636363637,0.012921255536703662,11.466666666666667,9.154476743344999,8,0.116569737781859,4341.0013844024,0.9332420664902901,0.6742765767865291,0.861796682219863,legitimate_text_4.png,legitimate,text,3,L,0
0.36081632653061224,12.4,12.857142857142858,0.011486732473036977,11.466666666666667,9.154476743344999,8,0.1036281179138322,3857.9425837320573,0.9406707688658067,0.6942470236172112,0.871638397849118,legitimate_text_5.png,legitimate,text,3,L,0
0.34530612244897957,12.742857142857142,12.285714285714286,0.023687539801709238,11.251798561151078,8.044027701174587,13,0.10335600907029478,3964.613807245386,0.939030329295276,0.6997073157035811,0.8654535217921836,legitimate_text_6.png,legitimate,text,3,L,0
0.28402366863905326,11.435897435897436,11.282051282051283,0.007806931023693586,19.016786570743406,13.597228037264566,10,0.05313609467455621,1911.617559818074,0.9706022581764514,0.7510844875415978,0.9278285283486416,legitimate_text_7.png,legitimate,text,3,L,0
0.34530612244897957,12.742857142857142,12.285714285714286,0.023687539801709238,15.002398081534773,10.725370268232783,13,0.08048469387755101,2969.9078341013824,0.9543273792928769,0.7095846341335791,0.8991541544545475,legitimate_text_8.png,legitimate,text,3,L,0
0.3907962016070124,15.45945945945946,15.675675675675675,0.011126038138588626,26.545454545454547,19.20399407492494,10,0.05661811839418017,1944.3933294997125,0.9700982171823622,0.7032167505249558,0.9372431965592409,legitimate_text_9.png,legitimate,text,4,H,3
0.2893455922120065,13.30232558139535,13.488372093023257,0.008237721044741936,15.168831168831169,10.973710899957107,10,0.06997025419145483,2521.818428368025,0.9612183060872878,0.742134050139689,0.9058588194964572,legitimate_text_10.png,legitimate,text,4,H,3
0.3466666666666667,15.555555555555555,15.733333333333333,0.011064373581436098,11.692307692307692,8.370135697683349,10,0.09887517146776406,3760.2230483271373,0.9421735452230318,0.7012501581507339,0.8725609947578779,legitimate_text_11.png,legitimate,text,5,H,3
0.3576594345825115,14.564102564102564,14.0,0.009504820706641012,15.207476635514018,10.737302441772309,11,0.08205950032873109,3045.1150136037595,0.9531708083904321,0.7037276911198227,0.8982247095507869,legitimate_text_12.png,legitimate,text,4,M,1
0.39944903581267216,13.151515151515152,12.787878787878787,0.018751678472600675,27.135802469135804,19.246903285579172,7,0.05294128670752048,1855.0483139420232,0.9714722062876076,0.7015408889506468,0.9405817807965468,legitimate_text_13.png,legitimate,text,3,M,1
0.3523997370151216,14.76923076923077,14.41025641025641,0.010478223175877203,18.913443830570902,14.505916228747047,14,0.06875739644970415,2468.815503262804,0.9620334096628609,0.7116971247464192,0.9169138508862275,legitimate_text_14.png,legitimate,text,4,Q,2
0.30058850158442735,14.97872340425532,14.851063829787234,0.009855835698088386,11.523238380809595,8.44954953024208,12,0.09028720889291283,3466.1618838494737,0.9466957542544602,0.7267842146053067,0.8734811304199777,legitimate_text_15.png,legitimate,text,5,H,3
0.3973703433162893,15.35135135135135,14.756756756756756,0.010560140463696827,11.405607476635515,8.052976831329232,11,0.1168736303871439,4516.839916839916,0.9305379399495599,0.6750526063628209,0.8551843747879774,legitimate_text_16.png,legitimate,text,4,M,1
0.39118457300275483,13.212121212121213,12.727272727272727,0.01678206325298169,11.557739557739557,7.731424297742788,11,0.11560044893378227,4361.005999077065,0.9329344262437016,0.6784220676678127,0.8594506625728174,legitimate_text_17.png,legitimate,text,3,L,0
0.3177501826150475,11.72972972972973,11.405405405405405,0.014916419179446404,15.506172839506172,10.998230448902385,7,0.07035244704163623,2585.5107650022906,0.9602388157813446,0.7262687503894923,0.908457397058028,legitimate_text_18.png,legitimate,text,3,M,1
0.3907962016070124,15.45945945945946,15.675675675675675,0.011126038138588626,22.753246753246753,16.46056634993566,10,0.06537618699780862,2269.1904093709963,0.9651033369825763,0.6998483908781571,0.9267685321700847,legitimate_text_19.png,legitimate,text,4,H,3
0.28007889546351084,11.179487179487179,10.76923076923077,0.012015560080537174,23.115479115479115,15.462848595485577,11,0.0441412813207685,1556.629879756218,0.9760614234343767,0.756860521929686,0.940715291417743,legitimate_text_20.png,legitimate,text,3,L,0
0.34775510204081633,12.457142857142857,12.0,0.014918911740813926,26.96805896805897,18.039990028066505,11,0.04739691795085381,1656.4943032427695,0.9745256619930063,0.7218719984993576,0.9438975346113089,legitimate_text_21.png,legitimate,text,3,L,0
0.3155588020452885,12.054054054054054,11.891891891891891,0.008673734176068605,26.623501199040767,19.036119252170394,10,0.043328215142886956,1516.0829107637617,0.9766849735372964,0.7381163677311469,0.9460806805500444,legitimate_text_22.png,legitimate,text,3,L,0
0.32286340394448504,11.72972972972973,12.162162162162161,0.010278485960168214,22.933333333333334,18.308953486689997,8,0.050087249411573734,1721.728387529742,0.9735224619762903,0.732436037764883,0.9395150088814901,legitimate_text_23.png,legitimate,text,3,L,0
0.3182629387269482,13.951219512195122,14.146341463414634,0.009061003100373487,15.168831168831169,10.973710899957107,10,0.07696311719214753,2774.2447974938464,0.957336376257284,0.7242285891377577,0.9018419724162363,legitimate_text_24.png,legitimate,text,4,H,3
0.3907962016070124,15.45945945945946,15.675675675675675,0.011126038138588626,22.753246753246753,16.46056634993566,10,0.06537618699780862,2269.1904093709963,0.9651033369825763,0.6998483908781571,0.9267685321700847,legitimate_text_25.png,legitimate,text,4,H,3
0.3279012345679012,15.644444444444444,15.511111111111111,0.010751378299791217,23.04647676161919,16.89909906048416,12,0.053470507544581616,1887.3469387755104,0.9709755030483882,0.728447272250863,0.9342109643214597,legitimate_text_26.png,legitimate,text,5,H,3
0.3907962016070124,15.45945945945946,15.675675675675675,0.011126038138588626,18.961038961038962,13.717138624946383,10,0.07731190650109569,2724.2584047462096,0.9581050901985944,0.6951620305057954,0.9120966748872438,legitimate_text_27.png,legitimate,text,4,H,3
0.27481919789612097,11.538461538461538,10.666666666666666,0.010311891611675287,18.764845605700714,12.909121387604788,13,0.0526758711374096,1928.7621119240657,0.9703386012991101,0.7563037860939897,0.9257009541081676,legitimate_text_28.png,legitimate,text,3,M,1
0.3591130340724716,16.372093023255815,16.232558139534884,0.011774765309398177,19.205397301349326,14.082582550403467,12,0.06916170903190914,2481.5742397137747,0.9618371998936768,0.7088871495109795,0.9171751289055604,legitimate_text_29.png,legitimate,text,5,H,3
0.4200146092037984,15.675675675675675,15.35135135135135,0.015970205338988644,18.86654478976234,14.251415643442014,7,0.07659605551497443,2762.359920896506,0.957519147404169,0.6868456270251126,0.9128702914138276,legitimate_text_30.png,legitimate,text,4,Q,2
0.29421308815575986,13.209302325581396,12.69767441860465,0.007818730283829609,15.207476635514018,10.737302441772309,11,0.0675027041644132,2504.1833344633533,0.9614895067440201,0.7395700976883708,0.9074270752592661,legitimate_text_31.png,legitimate,text,4,M,1
0.3526530612244898,12.742857142857142,12.571428571428571,0.009693340479214637,11.410071942446043,8.15833682235874,10,0.10290249433106576,3964.613807245386,0.939030329295276,0.6965488116115174,0.8667502966831606,legitimate_text_32.png,legitimate,text,3,L,0
0.2996214169821525,12.930232558139535,13.255813953488373,0.00922591785247808,15.495219885277246,11.522256959848725,13,0.0682294483504597,2451.2780527493387,0.9623031087142168,0.7371079698433057,0.9103285506484163,legitimate_text_33.png,legitimate,text,4,Q,2
0.3177501826150475,11.72972972972973,11.405405405405405,0.014916419179446404,15.506172839506172,10.998230448902385,7,0.07035244704163623,2585.5107650022906,0.9602388157813446,0.7262687503894923,0.908457397058028,legitimate_text_34.png,legitimate,text,3,M,1
0.37479718766901027,17.348837209302324,16.6046511627907,0.007072307642305043,22.053596614950635,15.3647685269924,14,0.06083618772910282,2190.5012418153083,0.9663134555129438,0.705999881150476,0.9281744005693675,legitimate_text_35.png,legitimate,text,5,H,3
0.34122448979591835,12.857142857142858,11.885714285714286,0.012803581339884173,11.258907363420427,7.745472832562873,13,0.10312925170068027,4000.170881749829,0.9384835161050991,0.7011809462255761,0.8634803411691284,legitimate_text_36.png,legitimate,text,3,M,1
0.3950029744199881,17.170731707317074,17.024390243902438,0.012951541378392181,11.523238380809595,8.44954953024208,12,0.11864630841430365,4557.252364360378,0.9299164585802544,0.6754287937077844,0.8535703613000094,legitimate_text_37.png,legitimate,text,5,H,3
0.2781065088757396,11.435897435897436,11.025641025641026,0.0190777358692267,22.503597122302157,16.088055402349173,13,0.044807874936080065,1592.332399934113,0.9755123735131469,0.7576656556756524,0.9390928136670631,legitimate_text_38.png,legitimate,text,3,L,0
0.40467494521548575,15.027027027027026,15.405405405405405,0.012460717391696125,19.369024856596557,14.402821199810907,13,0.07542731921110299,2648.0553724456163,0.9592769757874446,0.6918762450264889,0.9155535017338576,legitimate_text_39.png,legitimate,text,4,Q,2
0.32141240380262565,15.446808510638299,15.48936170212766,0.01173515744392549,19.100145137880986,14.030967718989656,8,0.060072430964237214,2141.639069092229,0.9670648806770795,0.7290045085176284,0.924580928655652,phishing_text_0.png,phishing,text,5,Q,2
0.4199881023200476,17.21951219512195,17.853658536585368,0.009480890809345178,19.506726457399104,14.233648197243825,9,0.07815585960737656,2737.6498300435323,0.9578991506467638,0.6871304896115474,0.913641981666495,phishing_text_1.png,phishing,text,5,Q,2
0.36884802595997834,16.930232558139537,16.976744186046513,0.019900886417494972,26.257597684515197,19.167860356332913,14,0.05261531329676273,1831.7610184576095,0.9718303291228492,0.7118313846737611,0.9395386923106687,phishing_text_2.png,phishing,text,5,Q,2
0.3148283418553689,11.675675675675675,12.27027027027027,0.02573252732477508,23.017369727047146,17.835954877211154,15,0.0502800097394692,1713.794155329144,0.9736444782805471,0.7364715999954343,0.9389836060759537,phishing_text_3.png,phishing,text,3,L,0
0.3037573562698053,15.404255319148936,15.063829787234043,0.010722244710119518,18.90829694323144,14.032672558619877,10,0.059212313263920326,2135.7392369459694,0.967155611033341,0.7380709181929767,0.9224414617449891,phishing_text_4.png,phishing,text,5,Q,2
0.3225682429834679,16.784313725490197,17.725490196078432,0.0025790864792385143,15.587730061349694,11.437398418234798,19,0.07509131103421761,2681.5724815724816,0.9587615341313862,0.72309361879357,0.9057601333361055,phishing_text_5.png,phishing,text,6,H,3
0.33016061867935753,13.902439024390244,14.0,0.015580964727791528,11.374301675977653,8.00625516199974,9,0.09732963183290369,3689.820806371329,0.9432562235663992,0.7094041659484626,0.8719721210413691,phishing_text_6.png,phishing,text,4,M,1
0.348641975308642,15.688888888888888,16.266666666666666,0.007870309852103321,11.704035874439462,8.540188918346296,9,0.10131687242798354,3792.453531598513,0.941677889896372,0.7000826726358312,0.8718070911170415,phishing_text_7.png,phishing,text,5,Q,2
0.2892833662064431,10.974358974358974,11.179487179487179,0.005731622542459799,19.548872180451127,15.48860014065169,13,0.05239973701512163,1834.4670753411112,0.971788714124487,0.7488400908445575,0.9314954718478067,phishing_text_8.png,phishing,text,3,L,0
0.40540540540540543,15.405405405405405,15.513513513513514,0.01913192235750008,18.957169459962756,13.343758603332898,9,0.0764499634769905,2714.7330257086355,0.9582515758972006,0.6909970318981409,0.9134764901888189,phishing_text_9.png,phishing,text,4,M,1
0.3929875821767714,14.756756756756756,15.243243243243244,0.02832829719454392,23.625730994152047,16.632253381181485,11,0.06292102913724536,2166.0453907632236,0.9666895489379137,0.7002312624583082,0.9302351436755264,phishing_text_10.png,phishing,text,4,L,0
0.3839913466738778,16.88372093023256,16.930232558139537,0.014019990694230091,15.280116110304789,11.224774175191724,8,0.08756422390481342,3200.7695436978775,0.950777080803096,0.6925303786877139,0.8960650855180704,phishing_text_11.png,phishing,text,5,Q,2
0.33491969066032123,14.0,13.560975609756097,0.013434372148288184,11.279112754158964,7.997556694141723,8,0.09524753784123208,3715.714285714286,0.9428580216265141,0.7069133834862403,0.8719906367026231,phishing_text_12.png,phishing,text,4,M,1
0.33016061867935753,13.902439024390244,14.0,0.015580964727791528,11.374301675977653,8.00625516199974,9,0.09732963183290369,3689.820806371329,0.9432562235663992,0.7094041659484626,0.8719721210413691,phishing_text_13.png,phishing,text,4,M,1
0.40540540540540543,15.405405405405405,15.513513513513514,0.01913192235750008,26.540037243947857,18.681262044666056,9,0.05605909273862942,1937.5947514245386,0.9702027688705359,0.6990643833401762,0.938230226503842,phishing_text_14.png,phishing,text,4,M,1
0.3628988642509465,16.837209302325583,16.46511627906977,0.012809864015497033,18.90829694323144,14.032672558619877,10,0.07074094104921579,2552.0735078874613,0.9607530294361109,0.7066992051912206,0.915208036236813,phishing_text_15.png,phishing,text,5,Q,2
0.32141240380262565,15.446808510638299,15.48936170212766,0.01173515744392549,11.460087082728592,8.418580631393793,8,0.0937327096222524,3574.47944271977,0.945029996574912,0.7148591017912622,0.8742164735366484,phishing_text_16.png,phishing,text,5,Q,2
0.33410226835832374,16.901960784313726,17.254901960784313,0.004878345844079001,27.420219244823386,20.675440553846947,14,0.04475123382686408,1541.444600280505,0.976294949708109,0.7291022808123059,0.9467612758121624,phishing_text_17.png,phishing,text,6,H,3
0.348641975308642,15.688888888888888,16.266666666666666,0.007870309852103321,11.704035874439462,8.540188918346296,9,0.10131687242798354,3792.453531598513,0.941677889896372,0.7000826726358312,0.8718070911170415,phishing_text_18.png,phishing,text,5,Q,2
0.2909680908599243,12.69767441860465,13.116279069767442,0.02097427737119018,23.625730994152047,16.632253381181485,11,0.04658674358512108,1603.2354933393544,0.9753447006837366,0.7502460527044152,0.9403130280230909,phishing_text_19.png,phishing,text,4,L,0
0.4291358024691358,19.155555555555555,19.555555555555557,0.00626596421750593,27.420219244823386,20.675440553846947,14,0.05748047367094986,1980.2702702702704,0.9695464849403275,0.6930544516712603,0.9378679052787922,phishing_text_20.png,phishing,text,6,H,3
0.3001622498647918,13.255813953488373,13.348837209302326,0.014165279452362145,15.165735567970206,10.675006882666318,9,0.06910830178474851,2513.000881415689,0.961353906415654,0.7362194944638685,0.908165064375657,phishing_text_21.png,phishing,text,4,M,1
0.4088888888888889,19.511111111111113,20.044444444444444,0.008861411577741412,15.216248506571088,10.85132825945273,13,0.0970679012345679,3534.0111420612816,0.94565233687969,0.6817589266848108,0.8876656208801487,phishing_text_22.png,phishing,text,6,H,3
0.33491969066032123,14.0,13.560975609756097,0.013434372148288184,22.55822550831793,15.995113388283446,8,0.0518210060149382,1854.073319755601,0.9714872002006028,0.72550210022529,0.9360612982298879,phishing_text_23.png,phishing,text,4,M,1
0.3818280151433207,16.41860465116279,17.023255813953487,0.008619457788268921,19.506726457399104,14.233648197243825,9,0.07105462412114656,2488.6241665311436,0.9617287828479202,0.7005019868940539,0.9189997365416701,phishing_text_24.png,phishing,text,5,Q,2
0.3236168947055324,14.536585365853659,13.268292682926829,0.02093112681232502,21.932504440497336,16.405682590458138,20,0.05253982417872959,1925.1353633699268,0.9703943751211834,0.7300878670457254,0.9324435579017316,phishing_text_25.png,phishing,text,4,M,1
0.3957759412304867,13.090909090909092,13.757575757575758,0.032348787793955065,26.853598014888338,20.808614023413014,15,0.054740353441652144,1846.4997042003552,0.9716036707747615,0.7026937321455364,0.9406708753530626,phishing_text_26.png,phishing,text,3,L,0
0.3973703433162893,16.10810810810811,14.702702702702704,0.02570140553069275,18.27708703374778,13.671402158715116,20,0.076245434623813,2838.5629531970994,0.9563472618153186,0.692010217967806,0.9089366481403228,phishing_text_27.png,phishing,text,4,M,1
0.348641975308642,15.688888888888888,16.266666666666666,0.007870309852103321,27.309417040358746,19.92710747614136,9,0.04759385235575712,1621.891891891892,0.9750577939302449,0.7219162569817448,0.9451228023916801,phishing_text_28.png,phishing,text,5,Q,2
0.37980986871887734,18.21276595744681,19.23404255319149,0.003036760494567393,19.484662576687118,14.296748022793498,19,0.07252150294250792,2525.1281585991014,0.9611674075200827,0.7008410233584375,0.9176384675614304,phishing_text_29.png,phishing,text,6,H,3
0.28336620644312954,11.076923076923077,11.64102564102564,0.02316096640868974,15.344913151364764,11.890636584807435,15,0.06541748849441158,2316.0029680930006,0.9643834317335681,0.7474784176422596,0.9124730623536854,phishing_text_30.png,phishing,text,3,L,0
0.3148283418553689,11.675675675675675,12.27027027027027,0.02573252732477508,11.508684863523573,8.917977438605577,15,0.0932554175797419,3435.3430353430354,0.9471697008067076,0.7193650011795613,0.8778397997112528,phishing_text_31.png,phishing,text,3,L,0
0.3408685306365259,14.0,14.390243902439025,0.0038091161436245393,19.09426987060998,14.06718709436511,9,0.06339083878643664,2225.7946210268947,0.9657706975513349,0.7190677280916702,0.9239140081959142,phishing_text_32.png,phishing,text,4,M,1
0.30873698506111363,15.48936170212766,15.53191489361702,0.01665764553460761,18.755426917510853,13.69132882595208,14,0.05991851516523314,2147.538901238488,0.966974150320818,0.7353398579738397,0.9227163789627634,phishing_text_33.png,phishing,text,5,Q,2
0.35651811745106204,18.163265306122447,17.632653061224488,0.0208413094597198,15.236749116607774,10.87640238727601,8,0.08076062057476052,3020.6299911268857,0.9535473504271077,0.7045260830142029,0.8988709877459334,phishing_text_34.png,phishing,text,6,H,3
0.4223676383105294,17.70731707317073,17.75609756097561,0.015421155736842015,22.920174165457183,16.837161262787586,8,0.06683356467711019,2345.0474392727638,0.9639367723791596,0.6906697748417515,0.9261309091306084,phishing_text_35.png,phishing,text,5,Q,2
0.3001622498647918,13.255813953488373,13.348837209302326,0.014165279452362145,18.957169459962756,13.343758603332898,9,0.05660356949702542,2009.229142950073,0.9691011419593691,0.7411932125944697,0.9265504862853082,phishing_text_36.png,phishing,text,4,M,1
0.348641975308642,15.688888888888888,16.266666666666666,0.007870309852103321,11.704035874439462,8.540188918346296,9,0.10131687242798354,3792.453531598513,0.941677889896372,0.7000826726358312,0.8718070911170415,phishing_text_37.png,phishing,text,5,Q,2
0.35651811745106204,18.163265306122447,17.632653061224488,0.0208413094597198,11.42756183745583,8.157301790457007,8,0.102989495117775,4030.943093961134,0.9380102867474374,0.6945004621389993,0.8650972899459819,phishing_text_38.png,phishing,text,6,H,3
0.3225682429834679,16.784313725490197,17.725490196078432,0.0025790864792385143,19.484662576687118,14.296748022793498,19,0.061591695501730104,2144.204322200393,0.9670254310245072,0.7284417373608504,0.924625798596523,phishing_text_39.png,phishing,text,6,H,3
